{
  "hash": "506aa710",
  "configHash": "6db35452",
  "lockfileHash": "1ae76153",
  "browserHash": "13802d68",
  "optimized": {
    "@angular/common": {
      "src": "../../../../../node_modules/@angular/common/fesm2022/common.mjs",
      "file": "@angular_common.js",
      "fileHash": "f57e0d2b",
      "needsInterop": false
    },
    "@angular/common/http": {
      "src": "../../../../../node_modules/@angular/common/fesm2022/http.mjs",
      "file": "@angular_common_http.js",
      "fileHash": "ff698943",
      "needsInterop": false
    },
    "@angular/core": {
      "src": "../../../../../node_modules/@angular/core/fesm2022/core.mjs",
      "file": "@angular_core.js",
      "fileHash": "e1a0ad28",
      "needsInterop": false
    },
    "@angular/platform-browser": {
      "src": "../../../../../node_modules/@angular/platform-browser/fesm2022/platform-browser.mjs",
      "file": "@angular_platform-browser.js",
      "fileHash": "22aa668e",
      "needsInterop": false
    },
    "@angular/router": {
      "src": "../../../../../node_modules/@angular/router/fesm2022/router.mjs",
      "file": "@angular_router.js",
      "fileHash": "10f0561e",
      "needsInterop": false
    }
  },
  "chunks": {
    "chunk-QHPQYBRE": {
      "file": "chunk-QHPQYBRE.js"
    },
    "chunk-5775SIQF": {
      "file": "chunk-5775SIQF.js"
    },
    "chunk-OERSJQ4P": {
      "file": "chunk-OERSJQ4P.js"
    },
    "chunk-2E4JFRG6": {
      "file": "chunk-2E4JFRG6.js"
    }
  }
}