{
  "hash": "8e07803f",
  "configHash": "033a60e2",
  "lockfileHash": "1ae76153",
  "browserHash": "33206e8d",
  "optimized": {
    "@angular/common": {
      "src": "../../../../../node_modules/@angular/common/fesm2022/common.mjs",
      "file": "@angular_common.js",
      "fileHash": "8f85b5e5",
      "needsInterop": false
    },
    "@angular/common/http": {
      "src": "../../../../../node_modules/@angular/common/fesm2022/http.mjs",
      "file": "@angular_common_http.js",
      "fileHash": "0fbc7a70",
      "needsInterop": false
    },
    "@angular/core": {
      "src": "../../../../../node_modules/@angular/core/fesm2022/core.mjs",
      "file": "@angular_core.js",
      "fileHash": "9ca1dec8",
      "needsInterop": false
    },
    "@angular/platform-browser": {
      "src": "../../../../../node_modules/@angular/platform-browser/fesm2022/platform-browser.mjs",
      "file": "@angular_platform-browser.js",
      "fileHash": "e1cbbc9f",
      "needsInterop": false
    },
    "@angular/platform-server": {
      "src": "../../../../../node_modules/@angular/platform-server/fesm2022/platform-server.mjs",
      "file": "@angular_platform-server.js",
      "fileHash": "a9ec1dfc",
      "needsInterop": false
    },
    "@angular/router": {
      "src": "../../../../../node_modules/@angular/router/fesm2022/router.mjs",
      "file": "@angular_router.js",
      "fileHash": "23384f48",
      "needsInterop": false
    }
  },
  "chunks": {
    "chunk-FIJO6WBR": {
      "file": "chunk-FIJO6WBR.js"
    },
    "chunk-7GKL77XV": {
      "file": "chunk-7GKL77XV.js"
    },
    "chunk-RW3PLVTY": {
      "file": "chunk-RW3PLVTY.js"
    },
    "chunk-3PQRU26X": {
      "file": "chunk-3PQRU26X.js"
    },
    "xhr2-AQ42KH57": {
      "file": "xhr2-AQ42KH57.js"
    },
    "chunk-NQ4HTGF6": {
      "file": "chunk-NQ4HTGF6.js"
    }
  }
}